id,geom
0,"POLYGON ((135 -250, 135 -251, 135 -252, 136 -253, 136 -254, 136 -255, 136 -254, 136 -253, 135 -252, 135 -251, 136 -250, 137 -251, 138 -252, 139 -252, 140 -253, 141 -254, 141 -255, 141 -254, 140 -253, 139 -252, 138 -252, 137 -251, 136 -250, 135 -250))"
1,"POLYGON ((213 -242, 212 -243, 211 -243, 210 -244, 209 -244, 208 -245, 208 -246, 207 -247, 207 -248, 206 -249, 206 -250, 207 -251, 207 -252, 208 -253, 209 -254, 209 -255, 209 -254, 208 -253, 208 -252, 207 -251, 206 -250, 206 -249, 207 -248, 207 -247, 208 -246, 209 -245, 210 -244, 211 -243, 212 -243, 213 -242, 214 -242, 215 -242, 216 -243, 217 -244, 218 -245, 219 -245, 220 -246, 221 -247, 222 -248, 222 -249, 223 -250, 223 -251, 223 -252, 223 -253, 222 -254, 222 -255, 223 -254, 223 -253, 223 -252, 223 -251, 223 -250, 223 -249, 222 -248, 221 -247, 221 -246, 220 -246, 219 -245, 218 -244, 217 -243, 216 -243, 215 -242, 214 -242, 213 -242))"
2,"POLYGON ((247 -239, 246 -240, 245 -240, 244 -241, 244 -242, 243 -243, 243 -244, 242 -245, 241 -246, 240 -247, 240 -248, 239 -249, 239 -250, 238 -251, 238 -252, 239 -253, 239 -254, 239 -255, 239 -254, 239 -253, 238 -252, 238 -251, 239 -250, 239 -249, 240 -248, 241 -247, 242 -246, 242 -245, 243 -244, 243 -243, 244 -242, 245 -241, 246 -240, 247 -239, 248 -239, 249 -239, 250 -240, 251 -241, 252 -242, 253 -243, 254 -244, 254 -245, 254 -246, 254 -247, 253 -248, 253 -249, 252 -250, 252 -251, 251 -252, 250 -253, 249 -254, 249 -255, 250 -254, 251 -253, 251 -252, 252 -251, 252 -250, 253 -249, 253 -248, 254 -247, 254 -246, 254 -245, 254 -244, 254 -243, 253 -242, 252 -241, 251 -240, 250 -240, 249 -239, 248 -239, 247 -239))"
3,"POLYGON ((137 -239, 136 -240, 135 -240, 134 -241, 133 -242, 132 -243, 132 -244, 131 -245, 130 -245, 129 -245, 128 -245, 127 -246, 126 -246, 126 -247, 125 -248, 125 -249, 126 -250, 126 -251, 126 -252, 126 -253, 125 -254, 125 -255, 125 -254, 126 -253, 126 -252, 126 -251, 126 -250, 125 -249, 125 -248, 126 -247, 127 -246, 128 -245, 129 -245, 130 -245, 131 -245, 132 -244, 132 -243, 133 -242, 134 -241, 135 -241, 136 -240, 137 -239, 138 -239, 139 -240, 140 -241, 141 -242, 141 -243, 142 -244, 143 -245, 144 -246, 144 -247, 145 -248, 146 -249, 147 -250, 148 -251, 148 -252, 148 -253, 148 -254, 148 -255, 148 -254, 148 -253, 148 -252, 148 -251, 147 -250, 147 -249, 146 -248, 145 -247, 144 -246, 143 -245, 143 -244, 142 -243, 141 -242, 140 -241, 140 -240, 139 -240, 138 -239, 137 -239))"
4,"POLYGON ((233 -231, 232 -232, 231 -232, 230 -233, 229 -233, 228 -234, 227 -234, 226 -235, 225 -236, 224 -237, 223 -238, 223 -239, 222 -240, 222 -241, 222 -242, 223 -243, 223 -244, 224 -245, 225 -246, 226 -247, 226 -248, 227 -248, 228 -248, 229 -248, 230 -248, 231 -248, 232 -248, 233 -247, 233 -246, 234 -245, 234 -244, 235 -243, 236 -242, 237 -241, 238 -241, 238 -240, 239 -239, 240 -238, 240 -237, 240 -236, 240 -235, 240 -234, 239 -233, 238 -232, 237 -232, 236 -231, 235 -231, 234 -231, 233 -231))"
5,"POLYGON ((232 -232, 233 -231, 234 -231, 235 -231, 236 -231, 237 -232, 238 -233, 239 -234, 240 -235, 240 -236, 240 -237, 239 -238, 239 -239, 238 -240, 237 -241, 236 -242, 235 -242, 235 -243, 234 -244, 234 -245, 233 -246, 232 -247, 231 -248, 230 -248, 229 -248, 228 -248, 227 -248, 226 -247, 225 -246, 225 -245, 224 -244, 223 -243, 222 -242, 222 -241, 222 -240, 223 -239, 224 -238, 225 -237, 226 -236, 227 -235, 228 -234, 229 -233, 230 -233, 231 -232, 232 -232))"
6,"POLYGON ((128 -226, 127 -227, 126 -228, 125 -229, 124 -230, 123 -231, 122 -232, 121 -233, 120 -234, 119 -234, 119 -235, 118 -236, 119 -237, 119 -238, 120 -239, 121 -240, 122 -241, 122 -242, 123 -242, 124 -242, 125 -242, 126 -242, 127 -241, 128 -241, 129 -240, 130 -239, 131 -238, 132 -237, 133 -236, 134 -236, 134 -235, 134 -234, 134 -233, 134 -232, 134 -231, 133 -230, 133 -229, 132 -228, 131 -227, 130 -227, 129 -226, 128 -226))"
7,"POLYGON ((127 -227, 128 -226, 129 -226, 130 -227, 131 -228, 132 -229, 133 -230, 134 -231, 134 -232, 134 -233, 134 -234, 134 -235, 133 -236, 132 -237, 131 -237, 130 -238, 129 -239, 128 -240, 127 -241, 126 -242, 125 -242, 124 -242, 123 -242, 122 -241, 121 -240, 121 -239, 120 -238, 119 -237, 118 -236, 119 -235, 120 -234, 121 -233, 122 -233, 123 -232, 124 -231, 124 -230, 125 -229, 126 -228, 127 -227))"
8,"POLYGON ((164 -225, 163 -226, 162 -226, 161 -227, 160 -227, 159 -228, 158 -229, 157 -230, 157 -231, 157 -232, 158 -233, 158 -234, 159 -235, 159 -236, 160 -236, 161 -236, 162 -236, 163 -236, 164 -236, 163 -236, 162 -236, 161 -236, 160 -236, 159 -235, 158 -234, 158 -233, 157 -232, 157 -231, 157 -230, 158 -229, 159 -228, 160 -228, 161 -227, 162 -226, 163 -226, 164 -225, 165 -225, 166 -226, 167 -227, 168 -228, 168 -229, 168 -230, 168 -231, 168 -232, 169 -232, 170 -232, 171 -232, 172 -232, 173 -233, 174 -233, 175 -233, 176 -234, 175 -233, 174 -233, 173 -233, 172 -232, 171 -232, 170 -232, 169 -232, 168 -231, 168 -230, 168 -229, 168 -228, 168 -227, 167 -226, 166 -225, 165 -225, 164 -225))"
9,"POLYGON ((179 -224, 178 -225, 177 -225, 176 -226, 176 -227, 175 -228, 175 -229, 176 -230, 176 -231, 177 -232, 178 -232, 179 -233, 179 -234, 178 -235, 179 -234, 179 -233, 178 -232, 177 -231, 176 -230, 175 -229, 175 -228, 176 -227, 177 -226, 178 -225, 179 -224, 180 -225, 181 -226, 180 -225, 179 -224))"
10,"POLYGON ((23 -218, 22 -219, 21 -219, 20 -220, 19 -221, 18 -222, 17 -223, 16 -224, 15 -225, 14 -225, 14 -226, 13 -227, 13 -228, 13 -229, 13 -230, 14 -231, 14 -232, 15 -233, 15 -234, 16 -235, 17 -236, 17 -237, 18 -238, 19 -239, 20 -240, 20 -241, 21 -242, 22 -243, 23 -244, 24 -245, 24 -246, 25 -247, 26 -248, 27 -248, 28 -249, 29 -249, 30 -249, 31 -250, 31 -251, 31 -252, 30 -253, 30 -254, 29 -255, 30 -254, 31 -253, 31 -252, 31 -251, 31 -250, 30 -249, 29 -249, 28 -249, 27 -248, 26 -248, 25 -247, 24 -246, 24 -245, 23 -244, 23 -243, 22 -243, 21 -242, 20 -241, 20 -240, 19 -239, 19 -238, 18 -237, 17 -236, 16 -235, 16 -234, 15 -233, 14 -232, 14 -231, 13 -230, 13 -229, 13 -228, 13 -227, 14 -226, 15 -225, 16 -224, 17 -224, 18 -223, 19 -222, 20 -221, 21 -220, 22 -219, 23 -218, 24 -218, 25 -218, 26 -219, 27 -220, 28 -221, 29 -222, 30 -223, 30 -224, 31 -225, 32 -226, 32 -227, 33 -228, 33 -229, 34 -230, 35 -231, 35 -232, 36 -233, 37 -234, 38 -235, 38 -236, 39 -237, 40 -238, 40 -239, 40 -240, 40 -241, 40 -242, 39 -243, 38 -243, 37 -244, 36 -244, 35 -245, 34 -246, 34 -247, 34 -248, 35 -248, 36 -248, 37 -248, 38 -247, 39 -246, 40 -246, 41 -246, 42 -247, 43 -248, 43 -249, 43 -250, 43 -251, 43 -252, 43 -253, 43 -254, 43 -255, 43 -254, 43 -253, 43 -252, 43 -251, 43 -250, 43 -249, 43 -248, 42 -247, 41 -246, 40 -246, 39 -246, 38 -247, 37 -247, 36 -248, 35 -248, 34 -247, 35 -246, 36 -245, 37 -244, 38 -243, 39 -243, 40 -242, 40 -241, 40 -240, 40 -239, 40 -238, 39 -237, 39 -236, 38 -235, 37 -234, 37 -233, 36 -232, 35 -231, 34 -230, 34 -229, 33 -228, 32 -227, 32 -226, 31 -225, 31 -224, 30 -223, 29 -222, 29 -221, 28 -220, 27 -219, 26 -219, 25 -218, 24 -218, 23 -218))"
11,"POLYGON ((186 -217, 185 -218, 184 -219, 183 -219, 183 -220, 182 -221, 182 -222, 181 -223, 182 -224, 183 -225, 184 -226, 185 -227, 185 -228, 184 -229, 183 -228, 182 -228, 183 -229, 184 -230, 185 -231, 184 -230, 184 -229, 185 -228, 186 -229, 185 -228, 185 -227, 184 -226, 183 -225, 182 -224, 181 -223, 182 -222, 182 -221, 183 -220, 184 -219, 185 -218, 186 -218, 187 -217, 188 -218, 189 -219, 190 -220, 191 -221, 192 -222, 193 -223, 193 -224, 194 -225, 194 -226, 194 -227, 194 -228, 194 -229, 194 -230, 193 -231, 192 -232, 191 -233, 190 -233, 189 -234, 188 -234, 188 -235, 187 -236, 187 -237, 186 -238, 185 -238, 184 -238, 183 -238, 182 -238, 181 -238, 181 -239, 181 -240, 180 -241, 180 -242, 179 -243, 178 -244, 177 -244, 176 -245, 175 -246, 174 -246, 173 -246, 172 -246, 171 -245, 170 -244, 169 -244, 168 -243, 167 -242, 167 -241, 166 -240, 165 -239, 165 -238, 165 -239, 166 -240, 166 -241, 167 -242, 168 -243, 169 -244, 170 -245, 171 -246, 172 -246, 173 -246, 174 -246, 175 -246, 176 -245, 177 -245, 178 -244, 179 -243, 180 -242, 180 -241, 181 -240, 181 -239, 182 -238, 183 -238, 184 -238, 185 -238, 186 -238, 187 -237, 187 -236, 188 -235, 189 -234, 190 -233, 191 -233, 192 -233, 193 -232, 194 -231, 194 -230, 194 -229, 194 -228, 194 -227, 194 -226, 194 -225, 194 -224, 193 -223, 192 -222, 192 -221, 191 -220, 190 -219, 189 -218, 188 -217, 187 -217, 186 -217))"
12,"POLYGON ((119 -216, 118 -217, 119 -216, 120 -216, 121 -217, 122 -218, 123 -219, 124 -220, 125 -221, 126 -222, 126 -223, 126 -224, 125 -225, 124 -226, 123 -227, 122 -228, 121 -228, 120 -229, 119 -230, 118 -231, 117 -232, 116 -232, 115 -232, 114 -231, 113 -230, 113 -229, 112 -228, 112 -227, 111 -226, 111 -225, 112 -224, 113 -223, 114 -222, 115 -221, 116 -220, 117 -219, 116 -220, 115 -221, 114 -222, 113 -223, 112 -223, 111 -224, 111 -225, 111 -226, 111 -227, 112 -228, 113 -229, 113 -230, 114 -231, 115 -232, 116 -232, 117 -232, 118 -232, 119 -231, 120 -230, 121 -229, 122 -228, 123 -227, 124 -226, 125 -225, 126 -225, 126 -224, 126 -223, 126 -222, 125 -221, 125 -220, 124 -219, 123 -218, 122 -217, 121 -216, 120 -216, 119 -216))"
13,"POLYGON ((110 -209, 109 -210, 108 -210, 107 -211, 106 -212, 105 -213, 104 -214, 103 -215, 102 -216, 102 -217, 102 -218, 102 -219, 103 -220, 103 -221, 104 -221, 105 -222, 106 -222, 107 -222, 108 -222, 109 -222, 110 -222, 111 -221, 112 -220, 113 -219, 114 -218, 115 -217, 116 -216, 117 -215, 117 -214, 117 -213, 117 -212, 117 -211, 116 -211, 115 -210, 114 -210, 113 -209, 112 -209, 111 -209, 110 -209))"
14,"POLYGON ((109 -210, 110 -209, 111 -209, 112 -209, 113 -209, 114 -210, 115 -210, 116 -211, 117 -212, 117 -213, 117 -214, 117 -215, 116 -216, 115 -217, 114 -218, 113 -219, 112 -220, 111 -221, 110 -222, 109 -222, 108 -222, 107 -222, 106 -222, 105 -222, 104 -221, 103 -220, 102 -219, 102 -218, 102 -217, 102 -216, 103 -215, 104 -214, 105 -214, 106 -213, 107 -212, 108 -211, 109 -210))"
15,"POLYGON ((196 -207, 195 -208, 194 -208, 194 -209, 193 -210, 193 -211, 193 -212, 192 -213, 192 -214, 193 -215, 193 -216, 194 -217, 195 -218, 196 -219, 196 -220, 197 -221, 198 -222, 198 -223, 199 -223, 200 -223, 201 -223, 202 -222, 203 -222, 204 -222, 205 -221, 205 -220, 205 -219, 205 -218, 205 -217, 205 -216, 205 -215, 205 -214, 205 -213, 204 -212, 204 -211, 203 -210, 202 -209, 201 -208, 200 -208, 199 -207, 198 -207, 197 -207, 196 -207))"
16,"POLYGON ((195 -208, 196 -207, 197 -207, 198 -207, 199 -207, 200 -208, 201 -209, 202 -210, 203 -211, 204 -212, 205 -213, 205 -214, 205 -215, 205 -216, 205 -217, 205 -218, 205 -219, 205 -220, 204 -221, 203 -222, 202 -222, 201 -223, 200 -223, 199 -223, 198 -222, 197 -221, 197 -220, 196 -219, 195 -218, 195 -217, 194 -216, 193 -215, 192 -214, 192 -213, 193 -212, 193 -211, 193 -210, 194 -209, 195 -208))"
17,"POLYGON ((102 -198, 101 -199, 100 -199, 99 -200, 98 -200, 97 -201, 96 -202, 95 -203, 94 -204, 94 -205, 94 -206, 94 -207, 95 -208, 95 -209, 96 -210, 96 -211, 97 -212, 98 -213, 99 -213, 100 -213, 101 -212, 102 -212, 103 -211, 104 -210, 105 -209, 106 -209, 107 -208, 108 -207, 108 -206, 108 -205, 108 -204, 108 -203, 108 -202, 107 -201, 107 -200, 106 -199, 105 -198, 104 -198, 103 -198, 102 -198))"
18,"POLYGON ((101 -199, 102 -198, 103 -198, 104 -198, 105 -198, 106 -199, 107 -200, 107 -201, 108 -202, 108 -203, 108 -204, 108 -205, 108 -206, 108 -207, 107 -208, 106 -209, 105 -209, 104 -210, 103 -210, 102 -211, 101 -212, 100 -213, 99 -213, 98 -212, 97 -211, 96 -210, 95 -209, 95 -208, 95 -207, 94 -206, 94 -205, 95 -204, 96 -203, 97 -202, 98 -201, 99 -200, 100 -199, 101 -199))"
19,"POLYGON ((221 -190, 220 -191, 219 -191, 218 -191, 217 -192, 216 -192, 216 -193, 215 -194, 215 -195, 214 -196, 215 -197, 215 -198, 216 -199, 217 -199, 218 -200, 219 -201, 220 -202, 221 -202, 222 -202, 223 -202, 224 -202, 225 -202, 226 -202, 227 -201, 228 -201, 229 -200, 230 -199, 230 -198, 230 -197, 230 -196, 230 -195, 230 -194, 229 -193, 228 -192, 227 -191, 226 -191, 225 -190, 224 -190, 223 -190, 222 -190, 221 -190))"
20,"POLYGON ((220 -191, 221 -190, 222 -190, 223 -190, 224 -190, 225 -190, 226 -191, 227 -192, 228 -193, 229 -194, 230 -195, 230 -196, 230 -197, 230 -198, 229 -199, 228 -200, 227 -201, 226 -202, 225 -202, 224 -202, 223 -202, 222 -202, 221 -202, 220 -201, 219 -200, 218 -200, 217 -199, 216 -198, 215 -197, 214 -196, 215 -195, 215 -194, 216 -193, 217 -192, 218 -191, 219 -191, 220 -191))"
21,"POLYGON ((216 -175, 215 -176, 214 -176, 213 -177, 212 -177, 211 -178, 210 -179, 209 -179, 208 -180, 207 -180, 206 -181, 205 -182, 204 -183, 204 -184, 205 -185, 205 -186, 206 -187, 207 -188, 208 -189, 209 -189, 210 -189, 211 -189, 212 -189, 213 -189, 214 -188, 215 -187, 216 -187, 217 -186, 218 -186, 219 -186, 220 -185, 221 -185, 222 -184, 223 -183, 223 -182, 223 -181, 223 -180, 223 -179, 223 -178, 222 -177, 221 -176, 220 -176, 219 -175, 218 -175, 217 -175, 216 -175))"
22,"POLYGON ((215 -176, 216 -175, 217 -175, 218 -175, 219 -175, 220 -176, 221 -177, 222 -178, 223 -179, 223 -180, 223 -181, 223 -182, 222 -183, 221 -184, 220 -185, 219 -186, 218 -186, 217 -186, 216 -187, 215 -187, 214 -188, 213 -188, 212 -189, 211 -189, 210 -189, 209 -189, 208 -189, 207 -188, 206 -187, 206 -186, 205 -185, 204 -184, 204 -183, 205 -182, 206 -181, 207 -181, 208 -180, 209 -179, 210 -179, 211 -178, 212 -177, 213 -177, 214 -176, 215 -176))"
23,"POLYGON ((206 -164, 205 -165, 204 -165, 203 -166, 202 -166, 201 -167, 200 -167, 199 -168, 198 -168, 197 -169, 196 -170, 195 -171, 196 -172, 196 -173, 197 -174, 198 -175, 198 -176, 199 -177, 200 -178, 201 -179, 202 -179, 203 -179, 204 -179, 205 -179, 206 -178, 207 -177, 208 -177, 209 -176, 210 -175, 211 -174, 212 -174, 212 -173, 212 -172, 212 -171, 212 -170, 212 -169, 211 -168, 211 -167, 211 -166, 210 -165, 209 -165, 208 -164, 207 -164, 206 -164))"
24,"POLYGON ((205 -165, 206 -164, 207 -164, 208 -164, 209 -165, 210 -166, 211 -167, 211 -168, 212 -169, 212 -170, 212 -171, 212 -172, 212 -173, 211 -174, 210 -175, 209 -176, 208 -177, 207 -177, 206 -178, 205 -178, 204 -179, 203 -179, 202 -179, 201 -178, 200 -177, 199 -176, 198 -175, 197 -174, 197 -173, 196 -172, 195 -171, 196 -170, 197 -169, 198 -169, 199 -168, 200 -167, 201 -167, 202 -167, 203 -166, 204 -165, 205 -165))"
25,"POLYGON ((148 -131, 147 -132, 146 -132, 145 -133, 144 -133, 143 -134, 142 -135, 141 -135, 140 -136, 139 -137, 138 -138, 137 -138, 136 -139, 135 -140, 134 -141, 134 -142, 133 -143, 133 -144, 133 -145, 133 -146, 133 -147, 134 -148, 134 -149, 135 -149, 136 -150, 137 -151, 137 -152, 137 -153, 136 -154, 136 -155, 135 -156, 134 -157, 133 -158, 132 -159, 131 -159, 130 -160, 129 -161, 128 -161, 127 -162, 126 -162, 125 -162, 124 -161, 123 -160, 122 -159, 121 -158, 120 -157, 119 -156, 118 -156, 117 -156, 116 -156, 115 -157, 114 -157, 113 -158, 112 -158, 111 -159, 110 -159, 109 -160, 108 -160, 107 -161, 106 -162, 105 -163, 105 -164, 104 -165, 104 -166, 104 -167, 105 -168, 105 -169, 106 -170, 107 -171, 107 -172, 108 -173, 109 -174, 110 -175, 111 -176, 112 -177, 113 -178, 113 -179, 114 -180, 115 -181, 116 -182, 117 -183, 117 -184, 118 -185, 119 -186, 119 -187, 120 -188, 121 -189, 122 -190, 123 -191, 124 -192, 125 -193, 125 -194, 126 -195, 127 -196, 128 -197, 129 -198, 130 -199, 131 -200, 132 -201, 132 -202, 133 -203, 134 -204, 135 -205, 136 -206, 137 -207, 138 -208, 138 -209, 139 -210, 140 -211, 141 -212, 142 -213, 142 -214, 143 -215, 144 -215, 145 -216, 146 -217, 147 -218, 147 -219, 148 -220, 149 -221, 150 -222, 151 -222, 152 -222, 153 -222, 154 -221, 155 -221, 156 -221, 157 -220, 158 -219, 159 -218, 160 -217, 161 -217, 162 -216, 162 -215, 163 -214, 164 -213, 165 -213, 166 -213, 167 -213, 168 -213, 169 -213, 170 -213, 171 -212, 172 -212, 173 -212, 174 -212, 175 -212, 176 -211, 177 -210, 178 -209, 179 -208, 180 -207, 181 -208, 182 -208, 183 -209, 184 -209, 185 -209, 186 -208, 187 -208, 188 -207, 189 -207, 190 -206, 191 -205, 192 -204, 193 -204, 194 -203, 195 -202, 196 -201, 196 -200, 196 -199, 196 -198, 195 -197, 195 -196, 194 -195, 194 -194, 193 -193, 193 -192, 192 -191, 191 -190, 190 -189, 190 -188, 189 -187, 189 -186, 188 -185, 187 -184, 187 -183, 186 -182, 185 -181, 184 -180, 184 -179, 183 -178, 182 -177, 182 -176, 181 -175, 180 -174, 180 -173, 179 -172, 178 -171, 177 -170, 177 -169, 176 -168, 175 -167, 175 -166, 174 -165, 173 -164, 172 -163, 171 -162, 171 -161, 170 -160, 170 -159, 169 -158, 168 -157, 168 -156, 167 -155, 166 -154, 165 -153, 165 -152, 164 -151, 163 -150, 163 -149, 162 -148, 161 -147, 161 -146, 160 -145, 159 -144, 158 -143, 157 -142, 157 -141, 156 -140, 155 -139, 155 -138, 154 -137, 153 -136, 153 -135, 152 -134, 151 -133, 151 -132, 150 -132, 149 -131, 148 -131))"
26,"POLYGON ((147 -132, 148 -131, 149 -131, 150 -132, 151 -133, 152 -134, 152 -135, 153 -136, 154 -137, 154 -138, 155 -139, 156 -140, 156 -141, 157 -142, 158 -143, 158 -144, 159 -145, 160 -146, 161 -147, 162 -148, 162 -149, 163 -150, 164 -151, 164 -152, 165 -153, 166 -154, 166 -155, 167 -156, 168 -157, 169 -158, 169 -159, 170 -160, 171 -161, 171 -162, 172 -163, 172 -164, 173 -165, 174 -166, 175 -167, 176 -168, 176 -169, 177 -170, 178 -171, 178 -172, 179 -173, 180 -174, 181 -175, 181 -176, 182 -177, 183 -178, 183 -179, 184 -180, 185 -181, 185 -182, 186 -183, 187 -184, 188 -185, 188 -186, 189 -187, 190 -188, 190 -189, 191 -190, 191 -191, 192 -192, 193 -193, 194 -194, 194 -195, 195 -196, 195 -197, 196 -198, 196 -199, 196 -200, 196 -201, 195 -202, 194 -203, 193 -203, 192 -204, 191 -205, 190 -205, 189 -206, 188 -207, 187 -208, 186 -208, 185 -209, 184 -209, 183 -209, 182 -208, 181 -208, 180 -207, 179 -208, 178 -208, 178 -209, 177 -210, 176 -211, 175 -211, 174 -212, 173 -212, 172 -212, 171 -212, 170 -213, 169 -213, 168 -213, 167 -213, 166 -213, 165 -213, 164 -213, 163 -214, 162 -215, 161 -216, 160 -217, 159 -218, 158 -218, 157 -219, 156 -220, 155 -221, 154 -221, 153 -222, 152 -222, 151 -222, 150 -221, 149 -220, 148 -219, 147 -218, 146 -217, 146 -216, 145 -216, 144 -215, 143 -214, 142 -213, 141 -212, 141 -211, 140 -210, 139 -209, 138 -208, 137 -207, 136 -206, 135 -205, 135 -204, 134 -203, 133 -202, 132 -201, 131 -200, 131 -199, 130 -198, 129 -197, 128 -196, 127 -195, 126 -194, 125 -193, 124 -192, 124 -191, 123 -190, 122 -189, 121 -188, 120 -187, 119 -186, 118 -185, 118 -184, 117 -183, 116 -182, 116 -181, 115 -180, 114 -179, 113 -178, 112 -177, 112 -176, 111 -175, 110 -174, 109 -173, 108 -172, 107 -171, 106 -170, 106 -169, 105 -168, 104 -167, 104 -166, 104 -165, 105 -164, 106 -163, 107 -162, 108 -161, 109 -160, 110 -159, 111 -159, 112 -158, 113 -158, 114 -157, 115 -157, 116 -156, 117 -156, 118 -156, 119 -157, 120 -158, 121 -159, 122 -160, 123 -161, 124 -162, 125 -162, 126 -162, 127 -162, 128 -162, 129 -161, 130 -160, 131 -160, 132 -159, 133 -158, 134 -158, 135 -157, 135 -156, 136 -155, 136 -154, 137 -153, 137 -152, 137 -151, 137 -150, 136 -150, 135 -149, 134 -148, 133 -147, 133 -146, 133 -145, 133 -144, 133 -143, 134 -142, 135 -141, 136 -140, 137 -139, 138 -138, 139 -137, 140 -137, 141 -136, 142 -135, 143 -134, 144 -134, 145 -133, 146 -132, 147 -132))"
27,"POLYGON ((229 -92, 228 -93, 227 -93, 226 -94, 225 -95, 224 -95, 223 -96, 222 -96, 221 -97, 220 -97, 219 -98, 218 -98, 217 -99, 216 -99, 215 -100, 214 -100, 213 -100, 212 -101, 211 -101, 210 -102, 209 -102, 208 -103, 207 -103, 206 -104, 205 -104, 204 -105, 203 -105, 202 -106, 201 -106, 200 -107, 199 -108, 198 -109, 198 -110, 198 -111, 199 -112, 199 -113, 199 -114, 200 -115, 200 -116, 201 -117, 202 -118, 202 -119, 203 -120, 203 -121, 204 -122, 204 -123, 205 -124, 205 -125, 206 -126, 206 -127, 206 -128, 206 -129, 207 -130, 207 -131, 208 -132, 208 -133, 208 -134, 207 -135, 207 -136, 207 -137, 207 -138, 208 -139, 209 -140, 210 -141, 210 -142, 210 -143, 211 -144, 211 -145, 212 -146, 212 -147, 213 -148, 213 -149, 214 -150, 215 -151, 215 -152, 216 -153, 217 -153, 218 -154, 219 -155, 220 -155, 221 -155, 222 -155, 223 -155, 224 -154, 225 -154, 226 -154, 227 -153, 228 -153, 229 -152, 230 -152, 231 -152, 232 -151, 233 -150, 234 -150, 235 -149, 236 -149, 237 -148, 238 -147, 239 -147, 240 -147, 241 -146, 242 -146, 243 -145, 244 -145, 245 -144, 246 -144, 247 -143, 248 -142, 249 -141, 250 -140, 251 -140, 252 -140, 253 -139, 253 -138, 253 -137, 253 -136, 253 -135, 253 -134, 252 -133, 252 -132, 252 -131, 251 -130, 250 -129, 249 -128, 248 -127, 247 -127, 246 -126, 245 -125, 245 -124, 246 -123, 246 -122, 246 -121, 246 -120, 246 -119, 246 -118, 246 -117, 245 -116, 244 -115, 244 -114, 244 -113, 244 -112, 243 -111, 243 -110, 242 -109, 242 -108, 241 -107, 240 -106, 240 -105, 240 -104, 239 -103, 239 -102, 238 -102, 237 -101, 236 -100, 235 -99, 235 -98, 234 -97, 233 -96, 233 -95, 233 -94, 232 -93, 231 -93, 230 -92, 229 -92))"
28,"POLYGON ((228 -93, 229 -92, 230 -92, 231 -93, 232 -94, 233 -95, 233 -96, 234 -97, 234 -98, 235 -99, 236 -100, 236 -101, 237 -101, 238 -102, 239 -103, 240 -104, 240 -105, 240 -106, 241 -107, 241 -108, 242 -109, 243 -110, 243 -111, 244 -112, 244 -113, 244 -114, 244 -115, 245 -116, 245 -117, 246 -118, 246 -119, 246 -120, 246 -121, 246 -122, 246 -123, 245 -124, 244 -125, 245 -125, 246 -126, 245 -127, 246 -126, 247 -127, 248 -128, 249 -129, 250 -130, 251 -131, 252 -132, 252 -133, 253 -134, 253 -135, 253 -136, 253 -137, 253 -138, 252 -139, 251 -140, 250 -140, 249 -141, 248 -141, 247 -142, 246 -143, 245 -144, 244 -145, 243 -145, 242 -146, 241 -146, 240 -147, 239 -147, 238 -147, 237 -148, 236 -148, 235 -149, 234 -150, 233 -150, 232 -151, 231 -151, 230 -152, 229 -152, 228 -153, 227 -153, 226 -154, 225 -154, 224 -154, 223 -155, 222 -155, 221 -155, 220 -155, 219 -154, 218 -154, 217 -153, 216 -152, 215 -151, 214 -150, 214 -149, 213 -148, 212 -147, 212 -146, 211 -145, 211 -144, 210 -143, 210 -142, 210 -141, 209 -140, 208 -139, 207 -138, 207 -137, 207 -136, 207 -135, 208 -134, 208 -133, 208 -132, 207 -131, 207 -130, 206 -129, 206 -128, 206 -127, 206 -126, 205 -125, 205 -124, 204 -123, 204 -122, 203 -121, 203 -120, 202 -119, 202 -118, 202 -117, 201 -116, 200 -115, 199 -114, 199 -113, 199 -112, 198 -111, 198 -110, 198 -109, 199 -108, 200 -107, 201 -107, 202 -106, 203 -105, 204 -105, 205 -104, 206 -104, 207 -103, 208 -103, 209 -102, 210 -102, 211 -101, 212 -101, 213 -100, 214 -100, 215 -100, 216 -99, 217 -99, 218 -98, 219 -98, 220 -97, 221 -97, 222 -96, 223 -96, 224 -95, 225 -95, 226 -94, 227 -94, 228 -93))"
29,"POLYGON ((243 -127, 243 -127))"
30,"POLYGON ((14 -91, 13 -92, 12 -92, 11 -93, 10 -93, 9 -94, 8 -95, 8 -96, 7 -97, 7 -98, 8 -99, 8 -100, 9 -101, 10 -102, 10 -103, 11 -103, 12 -104, 13 -104, 14 -104, 15 -104, 16 -104, 17 -104, 18 -103, 19 -103, 19 -102, 20 -101, 20 -100, 20 -99, 20 -98, 19 -97, 19 -96, 19 -95, 18 -94, 17 -93, 16 -92, 15 -92, 14 -91))"
31,"POLYGON ((13 -92, 14 -91, 15 -92, 16 -93, 17 -94, 18 -95, 19 -96, 19 -97, 20 -98, 20 -99, 20 -100, 20 -101, 19 -102, 18 -103, 17 -104, 16 -104, 15 -104, 14 -104, 13 -104, 12 -104, 11 -103, 10 -102, 9 -101, 9 -100, 8 -99, 7 -98, 7 -97, 8 -96, 9 -95, 10 -94, 11 -93, 12 -92, 13 -92))"
32,"POLYGON ((252 -75, 251 -76, 250 -76, 249 -77, 248 -77, 247 -78, 246 -78, 245 -79, 244 -79, 243 -80, 242 -80, 241 -81, 240 -81, 240 -82, 240 -83, 240 -84, 241 -85, 241 -86, 242 -87, 242 -88, 243 -89, 243 -90, 244 -91, 244 -92, 244 -93, 244 -94, 244 -95, 244 -96, 244 -97, 244 -98, 245 -99, 245 -100, 246 -101, 246 -102, 247 -103, 247 -104, 248 -105, 248 -106, 249 -107, 250 -107, 251 -107, 252 -107, 253 -107, 254 -107, 255 -106, 254 -106, 253 -107, 252 -107, 251 -107, 250 -107, 249 -106, 248 -105, 247 -104, 247 -103, 246 -102, 246 -101, 245 -100, 245 -99, 244 -98, 244 -97, 244 -96, 244 -95, 244 -94, 244 -93, 244 -92, 244 -91, 243 -90, 243 -89, 242 -88, 242 -87, 241 -86, 241 -85, 240 -84, 240 -83, 240 -82, 241 -81, 242 -80, 243 -80, 244 -79, 245 -79, 246 -78, 247 -78, 248 -77, 249 -77, 250 -76, 251 -76, 252 -75, 253 -75, 254 -75, 255 -75, 254 -75, 253 -75, 252 -75))"
33,"POLYGON ((42 -74, 41 -75, 40 -75, 39 -76, 38 -77, 37 -78, 36 -79, 35 -80, 34 -80, 33 -81, 32 -82, 32 -83, 31 -84, 32 -85, 32 -86, 33 -86, 34 -87, 35 -87, 36 -88, 37 -88, 38 -88, 39 -87, 40 -87, 41 -86, 42 -85, 43 -84, 44 -84, 45 -83, 46 -82, 46 -81, 46 -80, 46 -79, 46 -78, 45 -77, 45 -76, 45 -75, 44 -75, 43 -74, 42 -74))"
34,"POLYGON ((41 -75, 42 -74, 43 -74, 44 -75, 45 -76, 45 -77, 46 -78, 46 -79, 46 -80, 46 -81, 45 -82, 44 -83, 43 -84, 42 -85, 41 -85, 40 -86, 39 -87, 38 -88, 37 -88, 36 -88, 35 -87, 34 -87, 33 -86, 32 -85, 31 -84, 32 -83, 33 -82, 34 -81, 35 -80, 36 -79, 37 -79, 38 -78, 39 -77, 40 -76, 41 -75))"
35,"POLYGON ((200 -70, 199 -71, 198 -71, 197 -72, 196 -73, 195 -74, 194 -75, 193 -76, 192 -77, 191 -77, 190 -77, 189 -78, 188 -78, 187 -78, 186 -79, 185 -79, 184 -80, 183 -80, 182 -81, 181 -81, 180 -82, 179 -83, 178 -83, 177 -84, 176 -84, 175 -84, 174 -85, 173 -85, 172 -86, 171 -86, 170 -87, 169 -87, 168 -88, 167 -88, 166 -89, 165 -89, 164 -90, 163 -90, 162 -91, 161 -91, 160 -91, 159 -92, 158 -92, 157 -93, 156 -93, 155 -94, 154 -94, 153 -94, 152 -94, 151 -95, 150 -95, 149 -96, 148 -96, 147 -97, 146 -97, 145 -98, 144 -98, 143 -99, 142 -99, 141 -100, 140 -100, 139 -101, 138 -101, 137 -102, 137 -103, 137 -104, 137 -105, 137 -106, 138 -107, 138 -108, 139 -109, 139 -110, 140 -111, 140 -112, 141 -112, 142 -112, 143 -112, 144 -113, 145 -113, 146 -113, 147 -112, 148 -113, 149 -114, 150 -114, 151 -114, 152 -114, 153 -114, 154 -114, 155 -114, 156 -113, 157 -112, 157 -111, 158 -110, 159 -109, 160 -108, 161 -108, 162 -108, 163 -108, 164 -108, 165 -108, 166 -107, 167 -107, 168 -107, 169 -106, 170 -106, 171 -105, 172 -105, 173 -104, 174 -104, 175 -104, 176 -103, 177 -102, 178 -102, 179 -102, 180 -101, 181 -100, 182 -100, 183 -99, 184 -99, 185 -98, 186 -98, 187 -98, 188 -97, 189 -97, 190 -96, 191 -96, 192 -95, 193 -95, 194 -95, 195 -94, 196 -94, 197 -93, 198 -93, 198 -92, 199 -91, 199 -90, 199 -89, 199 -88, 200 -87, 201 -87, 202 -87, 203 -87, 204 -87, 205 -86, 205 -85, 205 -84, 204 -84, 203 -83, 202 -83, 201 -82, 202 -81, 203 -80, 204 -79, 204 -78, 204 -77, 203 -76, 203 -75, 203 -74, 202 -73, 202 -72, 202 -71, 201 -70, 200 -70))"
36,"POLYGON ((199 -71, 200 -70, 201 -70, 202 -71, 202 -72, 202 -73, 203 -74, 203 -75, 203 -76, 204 -77, 204 -78, 204 -79, 203 -80, 202 -80, 202 -81, 201 -82, 202 -83, 203 -83, 204 -84, 205 -85, 205 -86, 204 -87, 203 -87, 202 -87, 201 -87, 200 -87, 199 -87, 199 -88, 199 -89, 199 -90, 199 -91, 198 -92, 197 -93, 196 -94, 195 -94, 194 -95, 193 -95, 192 -95, 191 -96, 190 -96, 189 -97, 188 -97, 187 -98, 186 -98, 185 -98, 184 -99, 183 -99, 182 -100, 181 -100, 180 -101, 179 -101, 178 -102, 177 -102, 176 -103, 175 -103, 174 -104, 173 -104, 172 -105, 171 -105, 170 -106, 169 -106, 168 -107, 167 -107, 166 -107, 165 -108, 164 -108, 163 -108, 162 -108, 161 -108, 160 -108, 159 -109, 158 -109, 158 -110, 157 -111, 157 -112, 156 -113, 155 -113, 154 -114, 153 -114, 152 -114, 151 -114, 150 -114, 149 -114, 148 -113, 148 -112, 147 -112, 146 -112, 145 -113, 144 -113, 143 -112, 142 -112, 141 -112, 140 -111, 139 -110, 139 -109, 138 -108, 138 -107, 137 -106, 137 -105, 137 -104, 137 -103, 138 -102, 139 -101, 140 -100, 141 -100, 142 -99, 143 -99, 144 -99, 145 -98, 146 -97, 147 -97, 148 -96, 149 -96, 150 -95, 151 -95, 152 -94, 153 -94, 154 -94, 155 -94, 156 -93, 157 -93, 158 -92, 159 -92, 160 -91, 161 -91, 162 -91, 163 -90, 164 -90, 165 -89, 166 -89, 167 -88, 168 -88, 169 -87, 170 -87, 171 -86, 172 -86, 173 -85, 174 -85, 175 -84, 176 -84, 177 -84, 178 -83, 179 -83, 180 -82, 181 -82, 182 -81, 183 -80, 184 -80, 185 -80, 186 -79, 187 -78, 188 -78, 189 -78, 190 -77, 191 -77, 192 -77, 193 -77, 194 -76, 195 -75, 196 -74, 197 -73, 198 -72, 199 -71))"
37,"POLYGON ((31 -65, 30 -66, 29 -66, 28 -67, 27 -68, 26 -68, 25 -69, 24 -70, 23 -71, 23 -72, 22 -73, 22 -74, 22 -75, 23 -76, 24 -77, 25 -78, 26 -78, 27 -78, 28 -78, 29 -78, 30 -77, 31 -76, 32 -75, 33 -74, 34 -74, 35 -73, 36 -72, 36 -71, 36 -70, 36 -69, 36 -68, 36 -67, 35 -66, 34 -66, 33 -65, 32 -65, 31 -65))"
38,"POLYGON ((30 -66, 31 -65, 32 -65, 33 -65, 34 -66, 35 -67, 36 -68, 36 -69, 36 -70, 36 -71, 35 -72, 34 -73, 33 -74, 32 -75, 31 -75, 30 -76, 29 -77, 28 -78, 27 -78, 26 -78, 25 -77, 24 -77, 23 -76, 22 -75, 22 -74, 22 -73, 23 -72, 23 -71, 24 -70, 25 -69, 26 -69, 27 -68, 28 -67, 29 -67, 30 -66))"
39,"POLYGON ((62 -59, 62 -60, 61 -61, 60 -62, 59 -63, 58 -64, 57 -65, 56 -65, 55 -66, 54 -67, 53 -68, 52 -69, 52 -70, 53 -71, 53 -72, 54 -73, 55 -73, 56 -73, 57 -73, 58 -73, 59 -73, 60 -73, 61 -73, 62 -73, 63 -72, 64 -71, 65 -71, 66 -70, 67 -70, 68 -70, 69 -70, 69 -69, 69 -68, 69 -67, 68 -66, 68 -65, 67 -64, 67 -63, 67 -62, 67 -61, 66 -60, 65 -59, 64 -59, 63 -59, 62 -59))"
40,"POLYGON ((62 -60, 63 -59, 64 -59, 65 -60, 66 -61, 67 -62, 67 -63, 67 -64, 68 -65, 68 -66, 69 -67, 69 -68, 69 -69, 68 -70, 67 -70, 66 -70, 65 -71, 64 -71, 63 -72, 62 -72, 61 -73, 60 -73, 59 -73, 58 -73, 57 -73, 56 -73, 55 -73, 54 -72, 53 -71, 52 -70, 52 -69, 53 -68, 54 -67, 55 -67, 56 -66, 57 -65, 58 -64, 59 -64, 60 -63, 61 -62, 61 -61, 62 -60))"
41,"POLYGON ((23 -55, 22 -56, 21 -56, 20 -57, 19 -57, 18 -58, 17 -59, 16 -60, 15 -61, 14 -62, 14 -63, 14 -64, 14 -65, 15 -66, 15 -67, 16 -68, 17 -68, 18 -68, 19 -68, 20 -68, 21 -67, 22 -66, 23 -65, 24 -65, 25 -64, 26 -63, 27 -62, 28 -61, 28 -60, 28 -59, 27 -58, 27 -57, 26 -56, 25 -56, 24 -55, 23 -55))"
42,"POLYGON ((22 -56, 23 -55, 24 -55, 25 -56, 26 -57, 27 -58, 28 -59, 28 -60, 28 -61, 27 -62, 26 -63, 25 -63, 24 -64, 23 -65, 22 -66, 21 -66, 21 -67, 20 -68, 19 -68, 18 -68, 17 -68, 16 -67, 15 -66, 14 -65, 14 -64, 14 -63, 15 -62, 16 -61, 17 -60, 18 -59, 19 -58, 20 -57, 21 -56, 22 -56))"
43,"POLYGON ((242 -52, 241 -53, 240 -53, 239 -53, 238 -54, 237 -54, 236 -55, 235 -55, 234 -56, 233 -56, 232 -57, 231 -57, 230 -58, 229 -58, 228 -59, 227 -59, 226 -59, 225 -60, 224 -60, 223 -61, 222 -61, 221 -62, 221 -63, 220 -64, 220 -65, 219 -66, 219 -67, 219 -68, 220 -69, 220 -70, 221 -71, 221 -72, 222 -73, 222 -74, 223 -75, 223 -76, 224 -77, 225 -78, 226 -78, 227 -78, 228 -78, 229 -78, 230 -78, 231 -77, 231 -76, 232 -75, 233 -74, 234 -73, 235 -72, 236 -72, 237 -71, 238 -71, 239 -71, 240 -70, 241 -69, 242 -69, 243 -69, 244 -68, 245 -68, 246 -68, 247 -67, 248 -66, 249 -66, 249 -65, 249 -64, 249 -63, 248 -62, 248 -61, 247 -60, 247 -59, 247 -58, 246 -57, 246 -56, 245 -55, 245 -54, 245 -53, 244 -52, 243 -52, 242 -52))"
44,"POLYGON ((241 -53, 242 -52, 243 -52, 244 -53, 245 -54, 245 -55, 246 -56, 246 -57, 247 -58, 247 -59, 247 -60, 248 -61, 248 -62, 249 -63, 249 -64, 249 -65, 248 -66, 247 -67, 246 -67, 245 -68, 244 -68, 243 -69, 242 -69, 241 -69, 240 -70, 239 -70, 238 -71, 237 -71, 236 -72, 235 -72, 234 -73, 233 -73, 232 -74, 232 -75, 231 -76, 230 -77, 229 -78, 228 -78, 227 -78, 226 -78, 225 -77, 224 -76, 223 -75, 222 -74, 222 -73, 221 -72, 221 -71, 220 -70, 220 -69, 219 -68, 219 -67, 219 -66, 220 -65, 220 -64, 221 -63, 222 -62, 223 -61, 224 -60, 225 -60, 226 -59, 227 -59, 228 -59, 229 -58, 230 -58, 231 -57, 232 -57, 233 -56, 234 -56, 235 -55, 236 -55, 237 -54, 238 -54, 239 -53, 240 -53, 241 -53))"
45,"POLYGON ((55 -49, 54 -50, 53 -50, 52 -51, 51 -52, 50 -52, 49 -53, 48 -54, 47 -55, 46 -55, 45 -56, 45 -57, 44 -58, 45 -59, 45 -60, 46 -61, 46 -62, 47 -63, 48 -63, 49 -63, 50 -63, 51 -63, 52 -62, 53 -62, 54 -61, 55 -60, 56 -59, 57 -58, 58 -57, 59 -57, 60 -56, 60 -55, 60 -54, 60 -53, 60 -52, 59 -51, 58 -50, 57 -50, 56 -49, 55 -49))"
46,"POLYGON ((54 -50, 55 -49, 56 -49, 57 -50, 58 -51, 59 -52, 60 -53, 60 -54, 60 -55, 59 -56, 58 -57, 57 -58, 56 -58, 55 -59, 54 -60, 53 -61, 52 -62, 51 -63, 50 -63, 49 -63, 48 -63, 47 -62, 46 -61, 45 -60, 45 -59, 44 -58, 45 -57, 46 -56, 47 -55, 48 -54, 49 -54, 50 -53, 51 -52, 52 -51, 53 -51, 54 -50))"
47,"POLYGON ((15 -47, 14 -48, 13 -48, 12 -49, 12 -50, 11 -51, 10 -52, 9 -52, 8 -53, 7 -54, 6 -55, 6 -56, 6 -57, 6 -58, 7 -58, 8 -59, 9 -60, 10 -60, 11 -60, 12 -60, 13 -59, 14 -58, 15 -57, 16 -57, 17 -56, 18 -55, 19 -54, 20 -53, 20 -52, 20 -51, 20 -50, 20 -49, 19 -48, 18 -48, 17 -47, 16 -47, 15 -47))"
48,"POLYGON ((14 -48, 15 -47, 16 -47, 17 -47, 18 -48, 19 -49, 20 -50, 20 -51, 20 -52, 19 -53, 18 -54, 17 -55, 16 -56, 15 -57, 14 -58, 13 -59, 12 -60, 11 -60, 10 -60, 9 -59, 8 -59, 7 -58, 6 -57, 6 -56, 6 -55, 7 -54, 8 -53, 9 -53, 10 -52, 11 -51, 12 -50, 13 -49, 14 -48))"
49,"POLYGON ((0 -44, 1 -44, 0 -44))"
50,"POLYGON ((8 -39, 7 -40, 6 -40, 5 -41, 4 -42, 3 -43, 4 -42, 5 -41, 6 -40, 7 -40, 8 -39, 9 -39, 10 -40, 11 -41, 12 -42, 13 -43, 13 -44, 12 -45, 11 -46, 10 -47, 9 -48, 8 -49, 7 -49, 6 -50, 5 -51, 4 -52, 3 -52, 2 -52, 1 -52, 0 -51, 1 -52, 2 -52, 3 -52, 4 -52, 5 -52, 6 -51, 7 -50, 8 -49, 9 -48, 10 -48, 11 -47, 12 -46, 13 -45, 13 -44, 13 -43, 12 -42, 12 -41, 11 -40, 10 -40, 9 -39, 8 -39))"
51,"POLYGON ((44 -38, 43 -39, 42 -40, 41 -40, 40 -41, 39 -42, 38 -43, 37 -44, 37 -45, 36 -46, 37 -47, 37 -48, 38 -49, 39 -49, 40 -49, 41 -49, 42 -49, 43 -49, 44 -48, 45 -47, 46 -47, 47 -46, 48 -45, 49 -44, 49 -43, 49 -42, 49 -41, 49 -40, 48 -39, 47 -38, 46 -38, 45 -38, 44 -38))"
52,"POLYGON ((44 -39, 45 -38, 46 -38, 47 -38, 48 -39, 49 -40, 49 -41, 49 -42, 49 -43, 49 -44, 48 -45, 47 -46, 46 -46, 45 -47, 44 -48, 43 -48, 42 -49, 41 -49, 40 -49, 39 -49, 38 -48, 37 -47, 36 -46, 37 -45, 38 -44, 39 -43, 40 -42, 41 -41, 42 -40, 43 -39, 44 -39))"
53,"POLYGON ((82 -33, 81 -34, 80 -34, 79 -35, 78 -36, 77 -37, 76 -37, 75 -38, 75 -39, 74 -40, 75 -41, 75 -42, 76 -43, 76 -44, 77 -45, 78 -46, 79 -46, 80 -47, 81 -48, 82 -49, 83 -50, 84 -50, 85 -51, 86 -52, 87 -52, 88 -53, 89 -53, 90 -54, 91 -54, 92 -54, 93 -53, 94 -53, 95 -52, 96 -51, 97 -50, 98 -49, 98 -48, 98 -47, 98 -46, 97 -45, 97 -44, 96 -43, 95 -42, 94 -42, 93 -41, 92 -40, 91 -39, 90 -38, 89 -38, 88 -37, 87 -37, 86 -36, 85 -35, 84 -34, 83 -34, 82 -33))"
54,"POLYGON ((81 -34, 82 -33, 83 -34, 84 -35, 85 -36, 86 -36, 87 -37, 88 -37, 89 -38, 90 -39, 91 -40, 92 -41, 93 -41, 94 -42, 95 -42, 96 -43, 97 -44, 97 -45, 98 -46, 98 -47, 98 -48, 97 -49, 96 -50, 95 -51, 94 -52, 93 -53, 92 -54, 91 -54, 90 -54, 89 -53, 88 -53, 87 -52, 86 -51, 85 -51, 84 -50, 83 -49, 82 -48, 81 -47, 80 -47, 79 -46, 78 -45, 77 -44, 76 -43, 75 -42, 75 -41, 74 -40, 75 -39, 76 -38, 77 -37, 78 -36, 79 -36, 80 -35, 81 -34))"
55,"POLYGON ((0 -33, 1 -33, 2 -33, 3 -34, 4 -35, 5 -36, 5 -37, 4 -38, 3 -39, 2 -40, 1 -41, 0 -42, 1 -41, 2 -40, 3 -39, 4 -39, 5 -38, 5 -37, 5 -36, 4 -35, 4 -34, 3 -34, 2 -33, 1 -33, 0 -33))"
56,"POLYGON ((38 -28, 37 -29, 36 -29, 35 -30, 34 -31, 33 -32, 32 -33, 31 -33, 30 -34, 30 -35, 29 -36, 30 -37, 30 -38, 31 -39, 32 -40, 33 -40, 34 -40, 35 -40, 36 -40, 37 -40, 38 -39, 39 -38, 40 -37, 41 -36, 42 -35, 43 -35, 43 -34, 43 -33, 42 -32, 42 -31, 41 -30, 40 -29, 39 -29, 38 -28))"
57,"POLYGON ((37 -29, 38 -28, 39 -29, 40 -30, 41 -31, 42 -32, 43 -33, 43 -34, 42 -35, 41 -36, 40 -36, 39 -37, 38 -38, 37 -39, 36 -40, 35 -40, 34 -40, 33 -40, 32 -39, 31 -38, 30 -37, 29 -36, 30 -35, 31 -34, 32 -33, 33 -32, 34 -32, 35 -31, 36 -30, 37 -29))"
58,"POLYGON ((28 -19, 27 -20, 26 -20, 25 -21, 24 -22, 23 -23, 22 -24, 21 -24, 21 -25, 20 -26, 20 -27, 19 -28, 19 -29, 19 -30, 19 -31, 20 -32, 21 -32, 22 -32, 23 -32, 24 -32, 25 -32, 26 -32, 27 -31, 28 -30, 29 -30, 30 -29, 31 -28, 32 -27, 33 -26, 34 -25, 34 -24, 34 -23, 34 -22, 33 -21, 32 -20, 31 -19, 30 -19, 29 -19, 28 -19))"
59,"POLYGON ((27 -20, 28 -19, 29 -19, 30 -19, 31 -19, 32 -20, 33 -21, 33 -22, 34 -23, 34 -24, 34 -25, 33 -26, 32 -27, 31 -27, 30 -28, 29 -29, 28 -30, 27 -31, 26 -31, 25 -32, 24 -32, 23 -32, 22 -32, 21 -32, 20 -32, 19 -31, 19 -30, 19 -29, 19 -28, 20 -27, 20 -26, 21 -25, 22 -24, 23 -23, 24 -23, 25 -22, 26 -21, 27 -20))"
60,"POLYGON ((113 -13, 112 -14, 111 -14, 110 -15, 109 -15, 108 -16, 107 -16, 106 -17, 105 -18, 105 -19, 105 -20, 105 -21, 106 -22, 106 -23, 106 -24, 106 -25, 106 -26, 106 -27, 106 -28, 107 -29, 107 -30, 107 -31, 108 -32, 108 -33, 108 -34, 108 -35, 109 -36, 109 -37, 110 -38, 111 -38, 112 -38, 113 -38, 114 -38, 115 -38, 116 -37, 117 -37, 118 -36, 119 -35, 119 -34, 119 -33, 119 -32, 118 -31, 118 -30, 118 -29, 118 -28, 118 -27, 118 -26, 118 -25, 118 -24, 117 -23, 117 -22, 117 -21, 116 -20, 116 -19, 116 -18, 115 -17, 115 -16, 115 -15, 114 -14, 113 -13))"
61,"POLYGON ((112 -14, 113 -13, 114 -14, 115 -15, 115 -16, 115 -17, 116 -18, 116 -19, 116 -20, 117 -21, 117 -22, 117 -23, 118 -24, 118 -25, 118 -26, 118 -27, 118 -28, 118 -29, 118 -30, 118 -31, 119 -32, 119 -33, 119 -34, 118 -35, 117 -36, 116 -37, 115 -38, 114 -38, 113 -38, 112 -38, 111 -38, 110 -37, 109 -36, 108 -35, 108 -34, 108 -33, 108 -32, 107 -31, 107 -30, 107 -29, 106 -28, 106 -27, 106 -26, 106 -25, 106 -24, 106 -23, 106 -22, 105 -21, 105 -20, 105 -19, 106 -18, 107 -17, 108 -16, 109 -15, 110 -15, 111 -14, 112 -14))"
62,"POLYGON ((22 -9, 21 -10, 20 -10, 19 -11, 18 -11, 17 -12, 16 -13, 15 -14, 14 -15, 13 -16, 13 -17, 12 -18, 13 -19, 13 -20, 14 -21, 15 -21, 16 -21, 17 -21, 18 -21, 19 -20, 20 -20, 21 -20, 22 -19, 23 -18, 24 -17, 25 -16, 26 -15, 26 -14, 26 -13, 25 -12, 25 -11, 24 -10, 23 -10, 22 -9))"
63,"POLYGON ((21 -10, 22 -9, 23 -10, 24 -11, 25 -12, 26 -13, 26 -14, 26 -15, 25 -16, 24 -17, 23 -17, 22 -18, 21 -19, 20 -20, 19 -20, 18 -21, 17 -21, 16 -21, 15 -21, 14 -20, 13 -19, 12 -18, 13 -17, 14 -16, 15 -15, 16 -14, 17 -13, 18 -12, 19 -11, 20 -10, 21 -10))"
64,"POLYGON ((172 0, 171 -1, 170 -1, 169 -1, 168 -2, 167 -2, 166 -2, 167 -2, 168 -2, 169 -1, 170 -1, 171 -1, 172 -1, 172 0))"
65,"POLYGON ((164 0, 164 -1, 164 -2, 164 -1, 164 0))"
66,"POLYGON ((160 0, 161 -1, 161 -2, 161 -3, 161 -4, 160 -5, 159 -5, 158 -5, 157 -4, 156 -4, 155 -3, 154 -3, 153 -3, 152 -3, 151 -3, 150 -3, 149 -4, 148 -4, 147 -5, 146 -5, 145 -6, 144 -6, 143 -7, 142 -7, 141 -8, 141 -9, 140 -10, 140 -11, 141 -12, 141 -13, 141 -14, 142 -15, 142 -16, 143 -17, 143 -18, 144 -19, 144 -20, 145 -21, 146 -22, 147 -22, 148 -22, 149 -22, 150 -22, 151 -21, 152 -21, 153 -20, 154 -20, 155 -19, 156 -19, 157 -18, 158 -18, 159 -18, 160 -17, 161 -17, 162 -16, 163 -15, 164 -14, 165 -13, 166 -13, 167 -12, 168 -12, 169 -12, 170 -11, 171 -11, 172 -11, 173 -11, 174 -11, 175 -11, 176 -10, 177 -9, 178 -9, 179 -8, 180 -8, 181 -7, 182 -7, 183 -7, 184 -6, 185 -6, 186 -5, 187 -4, 188 -4, 189 -3, 190 -2, 191 -2, 192 -1, 193 -1, 193 0, 192 -1, 191 -2, 190 -2, 189 -3, 188 -3, 187 -4, 186 -5, 185 -5, 184 -6, 183 -7, 182 -7, 181 -7, 180 -8, 179 -8, 178 -9, 177 -9, 176 -10, 175 -10, 174 -11, 173 -11, 172 -11, 171 -11, 170 -11, 169 -12, 168 -12, 167 -12, 166 -13, 165 -13, 164 -14, 163 -14, 162 -15, 161 -16, 160 -17, 159 -18, 158 -18, 157 -18, 156 -19, 155 -19, 154 -20, 153 -20, 152 -21, 151 -21, 150 -22, 149 -22, 148 -22, 147 -22, 146 -22, 145 -21, 145 -20, 144 -19, 143 -18, 143 -17, 143 -16, 142 -15, 141 -14, 141 -13, 141 -12, 140 -11, 140 -10, 141 -9, 142 -8, 143 -7, 144 -6, 145 -6, 146 -5, 147 -5, 148 -4, 149 -4, 150 -3, 151 -3, 152 -3, 153 -3, 154 -3, 155 -3, 156 -4, 157 -4, 158 -5, 159 -5, 160 -5, 161 -5, 161 -4, 161 -3, 161 -2, 161 -1, 160 0))"
